{"127.0.0.1": {"refreshToken": [1694799048.797293, 1694799048.906126, 1694799048.906126, 1694799066.5380511, 1694799066.538052, 1694799066.807931, 1694799066.910063], "me": [1694799051.529382], "register": [1694799066.700405, 1694799066.700793]}}