{"127.0.0.1": {"refreshToken": [1694697943.7740211, 1694697943.882596, 1694697943.8825972, 1694697944.138231, 1694697944.240384], "me": [1694697943.8851001], "register": [1694697944.030337, 1694697944.030736]}}